,indicator,1,2,3,4,5,6,7,8,9,10
0,-1,142.47,143.01,142.8026,142.425,142.6145,142.42,142.65,142.7,142.7,142.73
1,0,146.66,146.16,146.03,146.63,146.87,146.78,146.9,147.05,147.07,147.2
2,-1,147.5,147.6,147.53,148.0,147.61,147.85,148.15,148.07,147.4,149.96
3,0,147.65,147.915,148.2,148.84,148.31,148.19,148.15,147.96,148.49,148.32
4,1,145.12,145.16,145.2,144.62,143.145,144.275,142.11,141.535,141.15,140.585
5,0,148.29,148.11,148.11,147.05,145.26,145.31,145.48,145.48,145.29,145.97
6,-1,150.06,150.06,149.75,150.08,149.89,149.82,149.7,149.32,151.11,151.59
7,0,147.5,148.715,148.86,149.19,149.97,149.7905,150.18,150.02,150.06,150.06
8,1,148.05,148.05,148.06,147.91,148.44,148.23,147.99,147.95,148.45,147.5
9,0,151.05,150.72,150.17,150.81,151.5,151.31,151.57,151.92,151.48,150.99
10,-1,150.72,151.0801,151.05,150.72,150.17,150.81,151.5,151.31,151.57,151.92
11,0,149.18,148.98,148.49,147.73,147.87,147.85,145.87,147.4891,148.14,149.9901
12,1,148.83,148.8,148.85,149.18,148.98,148.49,147.73,147.87,147.85,145.87
13,0,151.4242,149.485,150.48,150.04,150.07,149.9,150.04,150.25,150.12,150.1
14,-1,148.84,149.51,149.99,150.19,149.92,149.9264,152.34,152.635,152.48,152.73
15,0,146.76,147.29,147.1,147.3,148.06,147.97,147.5,147.43,147.35,147.22
16,1,139.07,139.19,139.1821,138.56,137.27,136.52,136.61,136.36,135.23,134.77
17,0,140.88,141.1209,138.76,138.62,139.5,139.54,139.59,139.85,140.05,138.63
18,-1,139.04,139.35,139.27,139.7,139.675,139.95,139.16,139.49,140.88,141.1209
19,0,138.19,138.22,138.0,136.79,136.93,136.39,136.3102,136.42,136.28,137.0
20,1,138.01,138.98,139.52,139.84,139.77,141.72,138.92,138.2,135.04,134.81
21,0,138.889153741,137.671178126,137.671178126,138.01,138.98,139.52,139.84,139.77,141.72,138.92
22,-1,138.64955198,138.889153741,137.671178126,137.671178126,138.01,138.98,139.52,139.84,139.77,141.72
23,0,139.458207922,140.810959527,139.244862521,140.406631556,139.308456821,140.007295289,138.64955198,138.889153741,137.671178126,137.671178126
24,1,141.684507611,139.458207922,140.810959527,139.244862521,140.406631556,139.308456821,140.007295289,138.64955198,138.889153741,137.671178126
25,0,152.4266532,153.005690787,153.340134911,153.464927494,153.355110021,153.165425294,153.145458481,152.99570738,153.055607821,153.335143208
26,-1,143.451570594,146.117140177,145.86755501,145.59800303,145.438268523,144.759396869,151.048943078,155.481575644,154.814484409,156.489899719
27,0,148.363406681,146.077206551,146.281866388,145.907488637,145.053907366,144.419961042,144.270209942,144.559728735,143.062117899,145.73767089
28,1,147.807830099,148.363406681,146.077206551,146.281866388,145.907488637,145.053907366,144.419961042,144.270209942,144.559728735,143.062117899
29,0,151.538130005,152.087217372,150.919158791,150.250270543,150.569739557,150.809341317,151.058926484,150.599689777,150.849274944,150.839291537
30,-1,149.062245148,148.603108275,148.962411081,151.098860111,150.669673458,151.433304235,151.303519948,151.178727365,151.538130005,152.087217372
31,0,143.152068393,143.1620518,142.612964433,142.193661352,142.553063992,141.964042998,141.794325085,142.003976625,142.463213332,142.033926845
32,1,144.389910988,143.321786307,143.062217733,143.152068393,143.1620518,142.612964433,142.193661352,142.553063992,141.964042998,141.794325085
33,0,142.612964433,142.762715533,143.501487627,143.611404935,142.263545199,144.390010822,145.458235337,145.128782916,144.389910988,143.321786307
34,-1,143.541421254,143.0123007,142.253561792,142.612964433,142.762715533,143.501487627,143.611404935,142.263545199,144.390010822,145.458235337
35,0,143.19200202,143.351736527,143.701155761,142.822615973,142.563047399,142.722781906,143.621288507,143.652436736,143.541421254,143.0123007
36,1,143.511471034,144.090508621,144.280193348,144.240259722,143.820956641,142.762715533,144.050574995,143.22195224,143.289340235,141.584673544
37,0,144.110475435,145.148749729,145.318467643,144.844255826,143.766047904,144.489844889,145.088849289,142.244576726,143.511471034,144.090508621
38,-1,142.223611572,142.433263112,142.842582786,143.970707741,143.970707741,144.120458841,143.990674555,144.110475435,145.148749729,145.318467643
39,0,141.769366568,140.74107568,141.444905851,141.594656951,142.133760912,142.433263112,142.173694539,142.223611572,142.433263112,142.842582786
40,1,141.884175745,140.107129356,139.408290888,138.909120554,139.268523195,138.579668134,138.150381646,138.190315273,138.130414833,137.840896039
41,0,142.772698939,143.880857081,141.884175745,140.107129356,139.408290888,138.909120554,139.268523195,138.579668134,138.150381646,138.190315273
42,-1,142.752732126,142.443246519,142.393329486,142.413296299,142.762715533,141.574690138,142.153727725,142.962383666,142.772698939,143.880857081
43,0,134.226902821,136.023916023,136.03389943,140.706133757,140.336747709,141.569698434,142.582914378,142.752732126,142.443246519,142.393329486
44,1,138.11044802,138.2302489,138.250215713,138.29014934,138.569684727,138.43990044,138.389983407,138.58965154,138.569684727,134.226902821
45,0,144.439927855,144.589678955,144.659562802,144.719463242,144.469878075,144.648780723,142.343412452,141.305138157,141.095486617,140.885835077
46,-1,143.351736527,144.160392468,145.20865017,145.103824399,146.172048914,146.157073804,146.037272924,145.907488637,146.256907871,147.065563812
47,0,140.99565255,140.596316283,141.180345574,141.859217228,142.662881466,142.213628165,142.433263112,142.592997619,142.293495419,143.781023014
48,1,141.095486617,140.945735517,140.127096169,139.478174735,137.771012192,137.800962413,137.301792078,137.371675925,137.301792078,136.672837458
49,0,146.097173364,147.594684366,145.563061107,145.997339297,147.125464252,147.514817113,147.155414472,148.551893399,149.591365702,149.241946469
50,-1,145.707820504,146.097173364,147.594684366,145.563061107,145.997339297,147.125464252,147.514817113,147.155414472,148.551893399,149.591365702
51,0,151.568080225,151.568080225,151.727814732,149.221979655,146.356741938,145.47820215,145.707820504,146.097173364,147.594684366,145.563061107
52,1,151.438295938,150.839291537,151.777731765,151.508179785,151.568080225,151.568080225,151.727814732,149.221979655,146.356741938,145.47820215
53,0,152.446719847,152.656271553,153.664595628,153.205358921,151.328478465,151.438295938,150.839291537,151.777731765,151.508179785,151.568080225
54,-1,150.32015439,150.400021643,150.519822524,152.266918693,152.4266532,152.087217372,152.406686386,152.446719847,152.656271553,153.664595628
55,0,149.721149989,150.000685376,149.911733223,149.451598009,148.433290527,150.180386696,150.35010461,150.360088017,150.49985571,150.14045307
56,1,150.769407691,150.02065219,150.23938863,149.870901089,149.776058726,149.721149989,150.000685376,149.911733223,149.451598009,148.433290527
57,0,153.015674194,152.296868913,152.766089027,154.243633215,153.524827934,153.644628815,153.326158142,153.674579035,151.867582426,151.508179785
58,-1,156.539816752,156.380082245,156.313393089,157.078920713,156.759451699,156.200380925,156.030663011,156.839318952,157.62800808,158.067277974
59,0,150.58970637,151.138793738,150.869241757,149.950768343,148.2436058,148.742776134,149.621315922,149.157087512,149.082211962,150.250270543
60,1,151.797698579,151.438295938,151.098860111,151.098860111,150.58970637,150.58970637,151.138793738,150.869241757,149.950768343,148.2436058
61,0,153.844296948,153.924164202,154.642969483,154.86260443,154.553118823,154.583069043,154.473251569,154.233649809,155.801044658,156.300214992
62,-1,163.307568141,163.158815381,163.557752312,163.448334175,163.588101869,163.797753409,164.326873963,164.177122863,164.346840776,164.420418484
63,0,152.93580694,153.295209581,153.554778155,154.173749369,154.193716182,154.193716182,154.123832335,155.04230575,155.571426304,155.491559051
64,1,156.140480485,155.840978284,155.811028064,156.050629825,156.070596638,154.443301349,155.142139817,155.511525864,155.271924104,152.93580694
65,0,155.501542457,155.960779165,156.929169613,156.799385326,156.789401919,156.899219393,156.639650819,155.002372123,155.853856879,155.821011471
66,-1,158.007377534,157.59805786,157.997394127,157.907543467,157.697891927,157.737825554,158.985751389,159.055635236,159.185419522,159.514871943
67,0,155.741144218,155.970762571,157.108870933,155.491559051,155.256948994,154.712853329,155.626335041,156.589733785,157.727842147,158.127178414
68,1,155.741144218,155.741144218,155.741144218,155.771094438,155.741144218,155.970762571,157.108870933,155.491559051,155.256948994,154.712853329
69,0,172.453367001,171.894296227,171.564843806,171.235391386,170.985806219,170.796121492,170.476652478,170.007432364,168.519904769,168.509921362
70,-1,172.323582714,172.283649087,172.313599307,172.403449968,173.88059482,172.892636895,173.052371402,173.781160089,173.970844816,175.049052738
71,0,164.72621023,164.776127264,164.676293197,164.72621023,164.676293197,164.406741216,163.817720222,164.00251308,163.528201428,163.628035495
72,1,161.616199374,160.863499168,161.676016609,161.018027025,161.117722416,161.117722416,160.928301172,160.788727624,159.652200159,159.313235828
73,0,160.459732831,160.747553427,160.998087946,161.466656287,161.91030078,161.641123222,162.064828637,162.234310802,162.14458495,162.084767715
74,-1,155.644445416,156.232648226,154.956547213,155.425115554,156.417583178,155.973440208,156.872792336,156.800911959,156.870698733,163.350899189
75,0,151.168122331,151.407391271,151.123259405,151.138213714,151.975655004,151.975655004,151.836081455,152.434253805,152.882883067,152.633644588
76,1,152.045441778,152.773218137,152.185015326,152.364467031,151.885929151,151.846050994,151.497117124,151.716446985,151.148183253,150.540041364
77,0,153.670476661,153.869867445,153.610659426,153.441177261,153.650537583,153.869867445,154.478009334,154.627552421,154.606915475,153.949623758
78,-1,154.468039794,154.328466246,154.27861855,154.527857029,154.677400117,154.976486292,154.896729978,155.026333987,154.797034587,155.195716458
79,0,151.457238967,151.287756801,151.138213714,150.94879247,151.088366018,150.579919521,150.629767217,151.028548783,150.58988906,152.912791685
80,1,150.729462608,150.659675834,150.749401686,150.94879247,150.29070319,147.339819293,146.841342335,146.622012473,146.452530307,146.093626897
81,0,148.895167098,149.682660996,149.563026526,149.553056987,149.51317883,150.151229337,151.227939566,150.988670626,151.038518322,151.088266323
82,-1,148.336773209,148.456407679,148.667662214,148.895167098,149.682660996,149.563026526,149.553056987,149.51317883,150.151229337,151.227939566
83,0,145.854357957,145.684875792,145.644997635,145.954053349,142.9631916,144.598196023,145.186398833,144.777647728,145.555271782,145.703120048
84,1,145.435637312,145.375820078,145.306033303,145.335941921,145.644997635,145.854357957,145.684875792,145.644997635,145.954053349,142.9631916
85,0,144.009993212,144.169505839,144.877343119,145.734723487,146.54225616,147.349788832,147.589057772,147.698722703,146.317941528,145.435637312
86,-1,143.571333489,143.591272567,144.009993212,144.169505839,144.877343119,145.734723487,146.54225616,147.349788832,147.589057772,147.698722703
87,0,144.877343119,144.428713857,144.558317866,144.558317866,144.26920123,143.541424871,143.571333489,143.591272567,144.009993212,144.169505839
88,1,144.618135101,144.707860954,145.036855746,145.971898824,144.877343119,144.428713857,144.558317866,144.558317866,144.26920123,143.541424871
89,0,146.522317081,146.54225616,145.535332704,145.186398833,145.425667773,145.555271782,145.664637627,145.585280095,143.871516313,144.618135101
90,-1,145.066764363,145.146520677,145.109134905,144.458622475,145.325972382,146.41265215,146.801464178,145.346509632,146.402682611,147.0108245
91,0,136.089194347,137.295508586,137.95848294,138.506807594,138.606502986,138.546685751,138.536716212,138.596533447,137.729183539,137.779031235
92,1,138.775985151,138.726137456,138.686259299,137.689305383,136.782077319,136.482991144,136.502930222,136.383295752,136.622564692,134.548900546
93,0,139.085040866,139.643335059,139.563578745,138.716167917,139.214644875,138.741091764,138.775985151,138.775985151,138.726137456,138.686259299
94,-1,137.041285337,137.13101119,137.021346259,137.081163494,136.453082526,136.802016397,136.672412388,136.802116093,139.085040866,139.643335059
95,0,138.397142663,137.58681852,137.071193955,137.061224415,137.041285337,137.13101119,137.021346259,137.081163494,136.453082526,136.802016397
96,1,138.877873842,138.397142663,137.58681852,137.071193955,137.061224415,137.041285337,137.13101119,137.021346259,137.081163494,136.453082526
97,0,141.88648137,141.477730265,142.402405022,142.611665649,142.115780771,141.248430864,141.188613629,141.288309021,141.517608421,141.517608421
98,-1,141.218522246,141.567456117,142.105811232,142.115780771,141.976207223,142.124553966,141.88648137,141.477730265,142.402405022,142.611665649
99,0,135.81503202,136.353387135,136.084209577,135.854910177,136.193874508,137.25064566,136.677397158,135.994483725,136.587671305,137.210767503
100,1,135.58074785,135.660504163,135.416250453,135.785123403,135.45612861,135.466098149,135.386341836,135.226829209,134.568839625,132.684596723
101,0,131.149287692,132.106363451,134.040454049,133.681550639,133.801185109,133.79121557,133.103317368,135.93466649,136.393265291,135.58074785
102,-1,131.16922677,131.149287692,132.106363451,134.040454049,133.681550639,133.801185109,133.79121557,133.103317368,135.93466649,136.393265291
103,0,129.7321177,130.491298107,130.630871655,129.613978661,129.14541032,129.703704513,130.10248608,130.082547001,130.052638384,130.610932577
104,1,131.28886124,131.229044005,131.438304632,132.225997921,130.81032336,129.7321177,130.491298107,130.630871655,129.613978661,129.14541032
105,0,135.446159071,135.795092942,132.59487087,131.129348613,131.28886124,131.229044005,131.438304632,132.225997921,130.81032336,129.7321177
106,-1,133.811154648,133.402403543,134.015530201,133.212982298,133.950728197,134.469144233,135.017468887,135.037407965,135.446159071,135.795092942
107,0,132.604840409,132.744413958,132.59487087,132.59487087,132.425289009,132.754383497,132.704535801,132.176150225,132.405449626,132.096393912
108,1,133.07340875,133.282769073,132.664657644,134.189997136,132.684497027,133.322647229,133.322647229,133.821124187,132.345632391,131.478282484
109,0,147.798418094,149.27390989,148.556103071,148.605950766,147.768509477,147.808387633,147.42057256,147.409606067,147.509301458,147.509301458
110,-1,147.895521406,147.957930721,148.017747956,147.399636528,147.987839338,147.798418094,147.878174407,147.846471273,147.798418094,149.27390989
111,0,145.046825285,144.518439709,144.658013258,143.611211646,146.173383211,147.299941136,147.115504661,147.235139131,147.688753163,147.918052564
112,1,145.694845331,145.82444934,145.844388418,145.615089017,145.435637312,145.156490216,145.046825285,144.518439709,144.658013258,143.611211646
113,0,144.947229589,145.026886207,144.767678189,145.744693027,147.150398049,146.990885422,147.299941136,146.980915883,146.512347542,147.379697449
114,-1,147.708692242,147.758539938,148.994762794,150.031594867,149.852143162,149.65185512,150.749401686,150.699454295,150.639736756,150.94879247
115,0,140.839679758,140.759923445,139.932451694,139.972329851,139.224614414,139.368674255,138.277508193,138.905589161,139.762969529,139.493791971
116,1,140.670197592,140.81974068,140.261446487,140.072025243,140.530624044,140.620349897,140.81974068,140.779862523,138.905589161,137.749122618
117,0,141.557486578,141.951283375,142.215575858,141.785789025,142.684044503,142.84355713,140.670197592,140.81974068,140.261446487,140.072025243
118,-1,138.320875689,137.524708291,139.374157501,140.062055704,141.557486578,141.951283375,142.215575858,141.785789025,142.684044503,142.84355713
119,0,138.756046073,138.746076534,138.626442064,138.726137456,139.443944275,136.782077319,136.363356674,133.930789118,133.741367874,133.960697736
120,1,138.935497778,138.756046073,138.746076534,138.626442064,138.726137456,139.443944275,136.782077319,136.363356674,133.930789118,133.741367874
121,0,149.03464095,148.336773209,147.937991642,148.247047357,147.888143947,147.818357172,146.42262169,145.46056116,144.972053741,142.340095402
122,-1,147.339819293,146.89119003,147.549179615,147.539210076,148.08753473,148.651810647,148.785402471,148.845219706,148.92497602,149.03464095
123,0,144.408874474,144.558317866,144.548348327,146.42262169,146.612042934,146.808642246,145.754662566,146.430996103,146.66189063,146.283048141
124,1,143.980084595,144.239292613,144.379364638,142.594318651,140.58047174,145.186398833,140.814855606,141.348126256,139.792878146,139.184736257
125,0,144.418744318,143.980084595,144.239292613,144.379364638,142.594318651,140.58047174,145.186398833,140.814855606,141.348126256,139.792878146
126,-1,146.073687819,146.053748741,146.143474593,144.418744318,143.980084595,144.239292613,144.379364638,142.594318651,140.58047174,145.186398833
127,0,146.322926298,146.073687819,146.053748741,146.143474593,144.418744318,143.980084595,144.239292613,144.379364638,142.594318651,140.58047174
128,0,155.614536798,154.03934961,153.6804462,153.750232975,154.059288689,154.807004126,155.744140807,155.963470669,155.933562051,155.725098987
129,-1,153.849928366,153.132121546,153.032426155,153.012686467,155.046273066,155.35532878,154.009440993,153.281664634,152.922761224,156.222678687
130,0,151.616751594,151.566903898,151.487147585,152.13516763,153.052365233,153.849928366,153.132121546,153.032426155,153.012686467,155.046273066
131,1,153.551141278,153.112182468,152.384406109,151.706477446,151.945746386,152.083625113,152.61370551,151.616751594,151.566903898,151.487147585
132,0,156.701216567,156.402030697,154.787065048,153.979532375,153.81005021,152.992547998,153.230720289,153.551141278,153.112182468,152.384406109
133,-1,156.810881498,156.172830991,156.362252235,155.923592512,155.664583885,155.225724771,154.228770854,158.047104354,157.030211359,158.580474699
134,0,156.512217498,156.810881498,156.172830991,156.362252235,155.923592512,155.664583885,155.225724771,154.228770854,158.047104354,157.030211359
135,1,157.129426345,156.840731884,156.512217498,156.810881498,156.172830991,156.362252235,155.923592512,155.664583885,155.225724771,154.228770854
136,0,163.858993768,163.908768675,164.127778266,164.058093396,163.809218861,160.912319275,159.468846972,157.019921549,156.830776903,156.084153298
137,-1,159.120422624,159.225149028,158.662493479,159.71652691,159.478801954,160.046235893,161.191058754,161.848087526,163.112370163,165.272601126
138,0,157.219021177,156.840731884,157.388255861,157.388255861,157.477850693,156.731227089,156.691407163,157.945535719,157.438030768,156.870596828
139,1,157.348435935,157.477850693,157.368445448,155.795458838,156.084153298,155.586404228,155.138430065,154.401761442,153.366443377,153.147433786
140,0,159.279702326,159.060692735,156.940281698,157.179201252,157.139381326,157.159390839,157.886004931,157.139381326,157.348435935,157.477850693
141,-1,163.211919977,156.442532628,159.478801954,160.275200466,159.150287568,158.52312374,158.533078721,158.632628535,160.982004145,165.237758691
142,0,162.903315554,163.211919977,156.442532628,159.478801954,160.275200466,159.150287568,158.52312374,158.533078721,158.632628535,160.982004145
143,1,158.662493479,158.995985356,160.006415968,159.777451396,162.037232172,162.913270535,162.614621093,162.903315554,163.211919977,156.442532628
144,0,159.478702404,158.662493479,158.995985356,160.006415968,159.777451396,162.037232172,162.913270535,162.614621093,162.903315554,163.211919977
145,0,156.074198317,153.45603821,154.730275828,155.058790214,156.492307535,157.139381326,157.199111214,157.129426345,156.790956977,155.437079507
146,1,161.3802034,161.539483103,159.926776117,157.985554745,157.487805675,158.911368014,157.696860284,158.194609354,156.074198317,153.45603821
147,0,159.040782772,158.154789428,158.961142921,159.140332586,160.693309684,162.146736968,162.355791577,162.395611503,162.325926633,161.728627749
148,-1,160.603714852,158.652538498,159.040782772,158.154789428,158.961142921,159.140332586,160.693309684,162.146736968,162.355791577,162.395611503
149,0,159.648036638,159.478801954,159.608216712,159.249837382,160.603714852,158.652538498,159.040782772,158.154789428,158.961142921,159.140332586
150,1,160.573849907,160.265245484,159.648036638,159.478801954,159.608216712,159.249837382,160.603714852,158.652538498,159.040782772,158.154789428
151,0,165.392060903,165.551440155,165.770350196,165.352240977,164.963996703,165.252691163,165.431980378,165.909719935,165.591160531,165.178028803
152,-1,166.785758298,166.905218075,167.542336884,168.069950898,167.87085127,168.040085954,168.020175991,168.249140563,169.29441361,169.762297735
153,0,166.268099266,166.954992982,166.994812907,167.091376227,168.348690377,165.919674917,167.024677852,166.01424724,166.327829154,167.004767889
154,1,164.257193024,163.291559828,163.5205244,163.610119233,163.779652566,163.938633619,163.739533991,164.764897075,164.003340998,163.251739903
155,0,169.413972936,169.483558256,169.58310807,169.752342754,169.403918405,169.573153089,169.433783349,169.463548744,169.403918405,168.607519893
156,-1,167.94053614,168.378555321,167.641886698,168.020175991,168.239185582,166.735983391,167.124227666,167.850941307,169.035584093,169.901667475
157,0,164.774852056,164.973951684,164.257193024,164.934131759,165.202916256,164.963996703,165.083456479,168.079905879,168.577654949,167.353192238
158,1,165.402015884,166.27108576,166.268099266,166.243211812,166.078954619,165.003816628,164.814671982,164.774852056,164.973951684,164.257193024
159,0,171.6537442,171.444689591,171.345139777,170.459146433,171.673654163,170.608471154,169.921676987,169.5134232,170.887210633,171.872753791
160,-1,176.561550028,176.452045233,176.412125758,176.735762203,176.959749284,177.636688019,177.586913112,177.507173711,177.527183224,177.85569761
161,0,172.420277768,173.525280703,173.316226093,173.316226093,173.356046019,173.395865945,173.614875535,174.192264456,174.042939735,174.013074791
162,1,173.993164828,174.461048954,174.530733824,174.640238619,174.749743414,174.699968507,172.868251931,172.051943456,173.117126466,171.414824647
163,0,177.875607573,177.955247424,177.825832666,177.696417907,176.949794303,177.019479173,177.059299098,177.517228242,177.268353707,177.945292442
164,-1,175.108122745,175.357096829,176.053845977,176.800469582,176.402270326,176.68897379,176.387337854,177.278308689,177.537237755,178.154347052
165,0,163.570299307,163.420974586,163.371199679,163.261694884,162.365746559,162.773900796,162.933180498,163.002865368,162.843585666,163.341334735
166,1,151.788578826,150.30439065,150.310264089,150.45958881,149.96183974,150.121218992,149.752785131,150.001659665,148.727422047,148.627872233
167,0,158.304114149,157.73668021,157.438030768,157.328525972,157.686905303,157.686905303,158.672448461,158.503213777,160.414570205,159.819361867
168,-1,156.840731884,158.304114149,157.73668021,157.438030768,157.328525972,157.686905303,157.686905303,158.672448461,158.503213777,160.414570205
169,0,159.678100681,159.458891991,158.214519317,157.059741475,156.651587238,155.357439656,156.840731884,158.304114149,157.73668021,157.438030768
170,1,161.02182407,160.275200466,159.80731634,159.518621879,159.678100681,159.458891991,158.214519317,157.059741475,156.651587238,155.357439656
171,0,161.937682359,161.25178414,161.848087526,162.176601912,161.977502284,161.768447675,161.260743624,161.02182407,160.275200466,159.80731634
172,-1,159.916821135,156.731227089,160.245335521,159.687856563,161.320373962,161.280653586,161.937682359,161.25178414,161.848087526,162.176601912
173,0,156.711317126,155.944783559,155.845233745,156.392757721,157.228976159,160.265245484,160.265245484,159.916821135,156.731227089,160.245335521
174,1,158.353889056,158.52312374,157.278751066,156.198635584,161.031779052,157.905914893,158.722223368,156.711317126,155.944783559,155.845233745
175,0,158.901413033,158.88150307,158.991007866,159.180052962,158.353889056,158.52312374,157.278751066,156.198635584,161.031779052,157.905914893
176,-1,159.458891991,158.901413033,158.88150307,158.991007866,159.180052962,158.353889056,158.52312374,157.278751066,156.198635584,161.031779052
177,0,157.706815266,159.458891991,158.901413033,158.88150307,158.991007866,159.180052962,158.353889056,158.52312374,157.278751066,156.198635584
178,0,165.929629898,165.481655735,165.591160531,165.352340527,165.640935438,162.982955405,163.560344326,163.819173842,163.868948749,163.759543504
179,-1,165.411970866,165.352240977,165.571250568,165.601115512,165.6608454,165.551340605,165.481655735,166.019224731,167.104218153,167.308394821
180,0,162.276151726,163.998363507,164.117823284,164.217373098,163.361244698,163.5205244,162.684305963,164.3766528,164.257193024,164.01827347
181,1,159.349387196,159.210017456,159.210017456,159.608216712,157.388255861,154.809915679,154.302211628,155.128475084,154.401860992,153.127523824
182,0,169.662648372,168.746889633,168.119725805,168.269050526,168.189410675,168.288960489,169.075404019,169.035584093,169.22472874,169.035584093
183,-1,170.419326507,170.747840893,169.802117661,170.996715428,171.215725019,172.012123531,171.484509517,171.594014312,171.474554535,172.270953047
184,0,165.471700754,165.740485252,165.471700754,166.795713279,167.661796661,167.134182647,168.119725805,168.517925061,166.148639489,167.402967145
185,1,171.00667041,170.737885912,168.378555321,168.079905879,167.880806252,167.840986326,167.920626177,167.602066773,167.44278707,165.133231386
186,0,175.028482893,174.818532336,174.879158173,175.426682149,175.64569174,175.605871814,175.347042298,174.958798024,174.85924821,174.729833452
187,-1,175.586459601,175.526231963,174.461048954,174.993142709,174.640238619,175.028482893,174.818532336,174.879158173,175.426682149,175.64569174
188,0,173.097216503,173.86375007,173.799042691,173.158539188,174.042939735,173.963299884,174.013074791,174.461048954,174.560598768,174.998617949
189,1,171.90225078,173.065499093,172.946191574,173.244460372,173.594965573,172.728882191,172.071853419,171.086310261,172.08190795,169.682657884
190,0,172.896480108,172.797057175,172.777172588,173.224575786,172.974924802,172.667807362,173.75151733,174.25360314,173.562613757,174.278458873
191,-1,173.950363195,173.893990392,173.60238293,173.701805863,173.681921277,173.35760367,174.010016955,173.77050711,174.049786128,174.825285004
192,0,166.235243034,165.738028947,166.831681208,165.032126125,164.723915033,164.544953754,164.495341711,163.043667469,163.53083984,165.877221053
193,1,160.070921779,160.070822356,161.085035693,162.138918781,162.019611261,161.750175114,159.971498846,158.848019706,158.455299121,158.301193575
194,0,161.90567258,162.307937766,161.840649982,159.613576288,158.828135119,159.325249783,160.100748659,160.707228549,159.404788129,159.872075913
195,-1,158.987211812,156.581176838,157.068349209,159.076692451,160.597863323,162.059380434,161.950015208,162.34770694,161.959858079,162.357649233
196,0,159.563864822,161.532438891,158.987211812,156.581176838,157.068349209,159.076692451,160.597863323,162.059380434,161.950015208,162.34770694
197,0,157.43621406,157.654944512,156.730311237,157.49586782,156.441984732,157.446156353,159.563864822,161.532438891,158.987211812,156.581176838
198,-1,157.913444137,157.674829099,157.43621406,157.654944512,156.730311237,157.49586782,156.441984732,157.446156353,159.563864822,161.532438891
199,0,159.056807864,157.913444137,157.674829099,157.43621406,157.654944512,156.730311237,157.49586782,156.441984732,157.446156353,159.563864822
200,1,160.200171591,158.828135119,159.056807864,157.913444137,157.674829099,157.43621406,157.654944512,156.730311237,157.49586782,156.441984732
201,0,158.450327975,158.370789628,157.545579286,156.28290804,156.044293001,157.913444137,156.929157103,160.687343962,160.816593775,160.50828326
202,-1,159.593791124,158.450327975,158.370789628,157.545579286,156.28290804,156.044293001,157.913444137,156.929157103,160.687343962,160.816593775
203,0,161.393246785,160.428844337,160.687343962,159.593791124,158.450327975,158.370789628,157.545579286,156.28290804,156.044293001,157.913444137
204,1,161.333593025,161.393246785,160.428844337,160.687343962,159.593791124,158.450327975,158.370789628,157.545579286,156.28290804,156.044293001
205,0,170.11263799,170.152407163,168.770428397,169.347081407,169.585795869,168.820139864,169.227773888,168.92950509,168.561640238,168.3230252
206,-1,174.069670715,174.119382181,174.029901541,174.059728421,173.642152104,174.84516959,174.984361696,174.616496845,174.338112633,175.759860572
207,0,168.094352454,168.661063171,170.17229175,169.714946259,171.196347957,171.474732169,171.534385929,171.763058674,171.753116381,172.787114882
208,1,170.868252279,171.017386678,171.226174837,171.405136116,170.758887053,170.62963724,170.112538567,168.23354456,168.482101892,167.726487603
209,0,173.681921277,174.059728421,173.771401916,173.105268267,172.985960747,172.598211309,172.588368439,172.528615256,172.946191574,172.548499843
210,-1,180.641924263,181.321778278,180.82048785,180.959679956,181.078987476,181.069045182,180.88014161,181.168468115,181.834601765,182.18258203
211,0,178.434337464,178.404411161,178.235491598,179.269490099,178.782317728,178.043505915,178.295145358,178.086357199,178.523818103,178.344856824
212,1,170.013215057,169.824311485,171.454847582,171.32559777,170.152407163,170.510329721,170.400964495,170.510329721,167.010642487,166.801854328
213,0,176.803900789,178.265318478,178.523818103,178.841971488,178.961279007,179.508105138,179.547874311,179.78648935,179.597585777,179.657239537
214,-1,172.429192324,172.459019203,176.803900789,178.265318478,178.523818103,178.841971488,178.961279007,179.508105138,179.547874311,179.78648935
215,0,172.995903041,173.154979733,173.11521056,174.129324474,173.522844584,172.727461122,172.876595521,171.434962996,172.429192324,172.459019203
216,1,173.02572992,173.69186357,172.995903041,173.154979733,173.11521056,174.129324474,173.522844584,172.727461122,172.876595521,171.434962996
217,0,174.725862071,174.188978234,174.477304739,176.247032942,174.785515831,175.312457374,175.431764894,175.620668466,173.960305488,174.855111884
218,-1,178.414452877,178.54370269,178.623241036,178.613298743,179.408682205,180.054931268,180.283604013,180.025104388,180.154354201,180.721064918
219,0,171.683520328,172.916364694,173.821113383,173.274287252,173.532786878,173.764342888,174.069670715,174.139266767,173.860882556,173.701805863
220,1,161.850592276,161.810823103,162.22839942,162.22839942,162.914417656,162.377533819,161.870476862,160.080864072,160.637632496,158.997154105
221,0,159.563864822,161.433015958,162.168745661,162.476956752,162.476956752,162.814994724,162.93420282,162.914417656,161.74122705,161.59209265
222,-1,158.858061422,158.798308239,160.43878663,159.563864822,161.433015958,162.168745661,162.476956752,162.476956752,162.814994724,162.93420282
223,0,164.59466522,164.793511086,162.2582263,160.776824602,161.124804866,160.607805616,158.858061422,158.798308239,160.43878663,159.563864822
224,1,163.819166345,163.590493599,164.59466522,164.793511086,162.2582263,160.776824602,161.124804866,160.607805616,158.858061422,158.798308239
225,0,166.941046434,166.831681208,167.100123127,167.318853579,166.632835342,167.298968992,168.392621253,168.29319832,168.154006214,167.408334218
226,-1,165.519298495,165.449702442,166.235143611,166.941046434,166.831681208,167.100123127,167.318853579,166.632835342,167.298968992,168.392621253
227,0,158.231597522,158.082463123,157.833905791,158.887788879,159.305365196,158.291251282,159.438890195,159.603633995,160.080864072,159.83230674
228,1,159.076692451,157.247310488,157.575406166,157.833905791,158.58952008,158.062578537,157.823963498,156.700484358,157.177714435,155.974696948
229,0,158.857961999,159.096577038,159.961556553,160.478555803,160.428844337,160.369190577,160.389075164,160.568036443,160.150460125,159.772652981
230,-1,159.991482856,159.872075913,160.220056178,160.259825351,160.070921779,160.140517832,160.538209563,160.756940015,163.719743412,163.749570292
231,0,147.503863075,147.135998224,147.712651234,148.940524454,148.711851709,149.069774267,149.03497624,149.12445688,149.134399173,149.134399173
232,1,147.841901047,147.772304994,147.831958753,147.79218958,147.921439393,147.82201646,147.523747662,147.413288783,147.121084784,146.991834971
233,0,150.407012712,150.357301246,150.297647486,150.237993727,150.208166847,150.267820607,150.446781886,150.595916285,150.566089405,150.33741666
234,-1,150.357373434,150.317662012,150.52614698,150.903405494,150.635353392,150.595641969,150.575786258,150.675859043,150.694920526,150.982828339
235,0,147.82577025,147.865481673,147.488223159,147.269810335,147.885337384,147.587501715,147.607357426,147.597429571,147.597429571,147.607357426
236,1,148.620097979,148.709349401,150.962972627,151.449437553,151.528860398,151.105933748,151.399798275,151.513968615,151.469293264,145.850126981
237,0,148.322163031,148.312235176,148.669637978,148.620097979,148.709349401,150.962972627,151.449437553,151.528860398,151.105933748,151.399798275
238,-1,148.093822352,148.123605919,148.322163031,148.312235176,148.669637978,148.620097979,148.709349401,150.962972627,151.449437553,151.528860398
239,0,144.177283308,144.832521779,145.264383499,145.492724178,145.562219168,145.780631991,145.572147023,145.730992713,146.128106938,146.14796265
240,1,142.147036833,140.861379529,140.51886851,141.273385538,140.826632035,140.866343457,140.945766302,140.439445665,138.900628044,138.404235262
241,0,141.571221207,141.501726217,141.273385538,141.432231228,141.720139041,141.978263287,141.988191143,142.147036833,140.861379529,140.51886851
242,-1,141.869056875,141.819417597,141.025189147,141.233674115,141.372664094,140.876271313,140.876370591,141.104611992,142.891626005,143.407874497
243,0,138.950267322,138.513441674,138.553153097,138.702070931,138.811277343,139.526082948,140.509039933,140.925910591,140.965622013,140.970585941
244,1,140.439445665,140.608219211,140.439445665,140.568507788,140.528697087,140.930973797,139.704784349,138.106399594,138.225533861,137.515692184
245,0,144.849696969,145.368625983,145.559141532,145.64660594,145.949306258,145.860054836,145.91962197,145.889838403,145.869982692,145.939477681
246,-1,144.182346514,143.953906556,144.360948637,144.797774285,144.847413563,144.926836408,144.956619975,145.651569868,146.14796265,146.475581885
247,0,143.070327406,143.090183117,143.010660994,143.030615983,143.546864476,143.864555856,144.470155049,144.182346514,143.953906556,144.360948637
248,1,143.06039955,143.189461673,142.693068892,142.405161079,142.81220316,141.70028333,141.468964294,141.183042052,141.332952672,140.469229232
249,0,148.589222348,149.175958615,147.915120951,147.498250293,146.684066853,147.051397511,147.081181078,147.091108934,147.120892501,147.130820356
250,-1,153.484647956,153.54421509,153.296018699,153.176884432,153.484647956,153.832122903,154.571748147,154.894403455,154.685918487,155.966512584
251,0,150.774343371,151.240952585,150.833910504,150.943116916,151.151601884,151.330501843,151.389870419,153.008110886,153.425080822,153.385468678
252,1,147.378321797,147.587501715,147.091108934,146.912407533,145.304094921,145.19488851,145.28423921,145.383517766,144.609145028,143.566720187
253,0,148.878122946,148.768916534,148.907906513,149.314948594,149.295092883,149.523433562,149.30492146,148.888050802,148.669637978,148.194093694
254,-1,147.478295303,147.418728169,147.567646004,146.023864454,147.25918753,148.421441588,149.416212721,149.404299294,150.029754199,150.317662012
255,0,144.579361461,144.539650038,144.360948637,144.17231938,144.08296868,144.311309359,144.300388718,144.996331397,145.016187108,144.569433605
256,1,144.803163517,144.495862606,144.67925186,144.540470803,144.53055787,144.371950948,143.569003404,143.341005953,143.450048212,142.845359321
257,0,147.772086843,147.970345495,148.039636895,147.350787206,146.126540025,145.075769165,144.788294119,144.708395881,145.784543849,145.492112336
258,-1,146.988965164,147.058355693,146.275234014,146.651925455,146.414015071,147.107920356,146.850184107,148.188430014,148.049648957,148.218168811
259,0,145.858890843,145.839064978,146.215756418,146.463579734,146.255408149,146.29505988,146.414015071,145.918368439,146.38923274,146.572621993
260,1,143.836652585,144.074562969,143.906043114,142.429016151,142.746229995,140.81320813,141.794588462,142.091976441,140.842946928,140.664514141
261,0,146.899748771,146.830358242,146.612273724,146.032367165,146.706446584,147.187223817,147.00879103,147.00879103,147.018703962,147.04844276
262,-1,146.726272449,147.633305786,147.653131651,148.014160658,147.851390304,148.000084293,148.109126552,148.188430014,148.366862801,148.644424915
263,0,128.436911731,128.783864374,128.937514829,129.343945068,129.254728674,129.145686415,129.145686415,129.393509731,129.423248529,129.343945068
264,1,122.979842314,123.158275101,122.543673278,122.860887122,122.632889671,122.603150873,122.821235392,122.563499143,122.464369817,122.404892221
265,0,123.108710438,123.128536303,123.366446687,123.946353246,123.802615723,123.901745049,123.326794956,123.22766563,123.594444137,123.971135578
266,-1,126.424586406,126.42686638,126.330413546,126.4989334,126.657540323,125.993373836,125.963635038,125.963635038,126.092503162,126.875624841
267,0,125.864505712,126.052851432,126.419629939,126.201545421,126.251110084,126.300674748,126.280848882,126.449368737,126.290761815,126.399804074
268,1,123.762963992,123.574618272,123.544879474,123.534966541,122.751844863,122.424718086,122.02820078,122.424718086,122.444543951,121.98854905
269,0,124.496521007,124.315015211,124.496521007,125.140861629,125.081384033,125.091296966,124.992167639,125.884331577,126.261023017,126.27093595
270,-1,125.398597878,125.279642686,125.65137766,125.428336675,126.037982033,126.102416095,126.419629939,126.340326478,126.439455805,126.4989334
271,0,121.076559247,121.12612391,121.136135972,122.523847412,124.248697691,124.917820645,123.812528655,123.94139678,123.60435707,124.308175287
272,1,122.057939578,121.740725734,122.018287848,121.633170415,121.691161071,121.701074003,121.334295496,121.383860159,121.681248138,121.036907517
273,0,121.929071454,123.624182935,123.158275101,124.050439039,123.862093319,124.833461588,124.635302064,124.704692593,124.555998603,124.555998603
274,-1,123.525053609,123.564705339,123.26731736,123.316882023,121.929071454,123.624182935,123.158275101,124.050439039,123.862093319,124.833461588
275,0,125.358946147,125.309381484,123.663834666,123.525053609,123.564705339,123.26731736,123.316882023,121.929071454,123.624182935,123.158275101
276,1,125.74555052,125.398597878,125.358946147,125.309381484,123.663834666,123.525053609,123.564705339,123.26731736,123.316882023,121.929071454
277,0,129.145686415,129.076295886,129.086208819,128.848298436,128.471606995,128.719430311,129.006905358,128.828373441,128.729343244,127.341532675
278,-1,128.393457244,128.314287546,128.828890581,128.660654974,128.798733773,128.590562187,128.768994975,128.858211368,128.917688964,130.107240881
279,0,127.601760267,128.383561032,128.403353456,128.799201944,128.096570877,127.967920119,127.467171781,126.770478441,126.622035258,126.691308743
280,1,130.511246657,130.461765596,130.620104992,130.550831506,130.570623931,129.807625969,127.197302074,126.864492457,125.612621612,125.553244339
281,0,131.322736059,131.570141364,131.37221712,130.897198934,130.926986532,130.620104992,131.37221712,132.074848187,131.649311062,131.055538329
282,-1,133.123747719,132.975403498,133.292082289,132.723050087,131.851193791,132.257928113,132.57955501,132.916026225,132.193602733,136.419285348
283,0,130.778444387,130.778444387,130.65968984,130.827925448,130.788241637,130.768548175,131.787858033,132.351942129,132.980351604,133.193120167
284,1,132.015470914,131.926405004,132.015470914,131.847235306,131.916508791,131.579938614,132.57955501,132.431111826,132.633984177,130.429701869
285,0,132.371734553,133.826477748,133.400940623,132.975403498,132.663672813,133.153535318,133.183223955,133.440525472,133.400940623,133.490006533
286,-1,132.648828495,132.658724707,132.718101981,132.846752739,132.955611074,132.906130013,132.619139858,132.599347434,132.371734553,133.826477748
287,0,120.050950349,120.060846561,120.110327622,119.526451101,119.189979886,119.486866253,119.07122534,118.952470793,119.021744279,118.249839726
288,1,118.843612459,118.873301095,118.89309352,118.972263218,118.902989732,119.24935716,119.219668523,119.38790413,119.199777136,117.784717752
289,0,122.188532187,122.099466277,121.782787486,121.772891274,121.545278393,120.372577246,120.446798837,120.298355654,119.872818529,120.169704895
290,-1,119.615517011,119.694686709,119.595229776,119.56603595,120.169704895,121.302821194,121.050467782,122.140238671,122.406248855,122.505210977
291,0,119.07122534,118.863404883,118.744650337,118.764442761,118.784235186,118.734754124,119.447281404,119.56603595,119.615517011,119.694686709
292,1,119.427488979,119.25450319,119.219668523,119.664998072,119.07122534,118.863404883,118.744650337,118.764442761,118.784235186,118.734754124
293,0,121.762995061,121.391887104,121.198910965,121.555174605,124.058916295,123.465143562,123.207842044,123.435454925,123.425558713,122.079673852
294,-1,123.45524735,123.36618144,123.326695553,122.861474617,122.000504155,121.762995061,121.391887104,121.198910965,121.555174605,124.058916295
295,0,123.752133716,123.45524735,123.36618144,123.326695553,122.861474617,122.000504155,121.762995061,121.391887104,121.198910965,121.555174605
296,1,123.702652655,123.752133716,123.45524735,123.36618144,123.326695553,122.861474617,122.000504155,121.762995061,121.391887104,121.198910965
297,0,125.206678987,125.612621612,124.919886757,124.550758042,124.326114024,124.034175764,124.266736751,124.197463266,124.256840539,124.207359478
298,-1,123.158360983,122.940644315,123.36618144,123.425558713,123.771926141,123.831303414,123.677912125,124.21725569,125.206678987,125.612621612
299,0,121.258288239,121.822372335,122.084621958,122.703135222,122.901059466,123.158360983,122.940644315,123.36618144,123.425558713,123.771926141
300,1,120.634826869,120.77337384,119.120706401,118.556622305,118.62589579,118.833716247,119.24935716,118.902989732,118.695169276,118.348801848
301,0,118.902989732,118.873301095,120.971298084,121.12963748,121.456212483,121.189014753,121.179118541,121.109845055,120.431954519,121.099948843
302,-1,118.942574581,118.744650337,119.417592767,118.724857912,118.813923822,118.902989732,118.873301095,120.971298084,121.12963748,121.456212483
303,0,115.340353336,115.746098036,116.933643502,117.764925328,117.903472299,118.239943514,117.893477124,117.665963206,119.031640491,119.021744279
304,1,118.299320787,118.338905636,119.645205648,117.230529868,117.403713582,116.419040467,116.508106377,115.587758641,116.023191978,115.152325304
305,0,120.199393532,120.50617611,120.18949732,119.843129892,120.397317776,120.159808683,120.842647326,119.704582921,121.545278393,121.278080663
306,-1,122.376461257,123.524520835,124.326114024,125.226669336,124.860509484,125.048537516,126.260823512,126.463695862,127.007987534,127.126742081
307,0,122.401300749,121.792683698,122.307286733,120.0113655,120.585345808,120.733788991,120.555657172,123.0099178,122.821889768,122.713031434
308,1,119.041536703,119.843129892,121.248392026,121.050467782,122.561619387,123.059398861,122.401300749,121.792683698,122.307286733,120.0113655
309,0,120.337940503,119.437385192,119.041536703,119.843129892,121.248392026,121.050467782,122.561619387,123.059398861,122.401300749,121.792683698
310,-1,119.199876098,120.417110201,120.337940503,119.437385192,119.041536703,119.843129892,121.248392026,121.050467782,122.561619387,123.059398861
311,0,119.734271558,119.417592767,119.24935716,119.199876098,120.417110201,120.337940503,119.437385192,119.041536703,119.843129892,121.248392026
312,1,120.906972705,120.783270052,119.734271558,119.417592767,119.24935716,119.199876098,120.417110201,120.337940503,119.437385192,119.041536703
313,0,123.623482957,123.168257196,124.049020083,123.851095838,123.851095838,123.989642809,123.504728411,123.049502649,123.524520835,122.910955678
314,-1,120.872335962,123.108879922,124.345213714,124.553726905,123.95005796,124.237048115,124.385491298,123.999539021,124.919886757,125.028745092
315,0,120.456695049,122.356767794,120.852543538,120.872335962,123.108879922,124.345213714,124.553726905,123.95005796,124.237048115,124.385491298
316,1,124.791235998,124.741754937,124.801132211,124.692273876,122.910955678,121.179118541,122.049985216,122.33697537,122.297390521,120.456695049
317,0,134.984334577,134.944749728,135.142673973,135.202051246,135.083395661,135.004127002,135.528626249,135.771083448,135.047373449,135.159497533
318,-1,134.228940691,134.6044339,135.128148112,135.760557727,135.582692522,135.572811122,135.553048322,135.607795947,136.300530801,136.458870197
319,0,133.828743982,133.868269583,133.438329859,133.408784472,133.379140272,133.270444869,133.389021672,133.458191474,133.468072874,133.30997047
320,1,133.991787086,133.715107879,134.396924495,134.555026899,134.505718712,134.446331496,133.507697289,132.539221252,131.388038126,129.031324172
321,0,137.20324216,138.556993991,136.620239546,137.578735368,137.420632965,139.051064002,138.552053291,137.66766797,135.098503911,135.463918092
322,-1,135.958185731,135.207199314,135.987829932,137.509565567,137.20324216,138.556993991,136.620239546,137.578735368,137.420632965,139.051064002
323,0,140.08426321,140.375171633,140.029322625,136.36332314,135.691387925,135.958185731,135.207199314,135.987829932,137.509565567,137.20324216
324,1,140.23683203,141.630109462,141.699279263,140.08426321,140.375171633,140.029322625,136.36332314,135.691387925,135.958185731,135.207199314
325,0,143.319828901,142.86528449,141.669635063,141.185446451,141.649872262,141.086632449,141.630109462,140.23683203,141.630109462,141.699279263
326,-1,140.24671343,140.524084334,141.269438353,141.224972052,141.462125658,142.539198283,143.161726497,143.191370698,143.003624093,143.319828901
327,0,141.086632449,141.432481457,141.55105826,141.224972052,141.491769859,141.343548855,140.997699847,140.24671343,140.524084334,141.269438353
328,0,138.290196185,138.566875391,139.347506009,140.217069229,140.434460034,140.23683203,141.11627665,140.977937047,143.221014898,139.416675811
329,-1,137.726956372,138.290196185,138.566875391,139.347506009,140.217069229,140.434460034,140.23683203,141.11627665,140.977937047,143.221014898
330,0,134.466094297,134.555026899,134.515402484,134.915698007,135.246724915,135.671625125,135.47399712,134.871231706,134.228940691,133.843566082
331,1,127.588540924,127.480141964,127.622236499,126.709195118,127.22796863,126.956230124,126.975992924,126.225006507,125.632122493,125.414731688
332,0,129.564919784,129.303062678,129.456224381,129.337647579,129.238833576,129.37717318,129.39693598,129.643970986,128.725000765,128.843577567
333,-1,129.476975322,129.604445385,129.564919784,129.303062678,129.456224381,129.337647579,129.238833576,129.37717318,129.39693598,129.643970986
334,0,126.837653321,127.381130334,126.836072297,126.432515912,126.674610217,126.877178922,127.272434931,127.410774534,127.371248933,127.460181535
335,1,127.568876938,128.08270975,127.954251547,127.954251547,127.893283307,127.331723332,126.837653321,127.381130334,126.836072297,126.432515912
336,0,130.582704007,130.474008605,129.984879294,129.466105782,130.672427121,130.108396796,129.451184867,129.881124591,130.483890005,130.562941207
337,-1,129.485868582,130.157803798,130.414720203,130.562941207,130.464127205,130.582704007,130.474008605,129.984879294,129.466105782,130.672427121
338,0,127.722038641,126.412753111,125.177578083,125.592596892,125.741806036,125.770462096,126.481922913,126.066904103,126.027378502,126.175599506
339,1,127.025399925,126.837653321,126.629155776,126.551092714,127.855437545,128.586661161,128.477965759,127.722038641,126.412753111,125.177578083
340,0,132.134083843,132.084676842,132.153846644,132.163728044,132.223016445,132.025388441,132.124202443,132.232897845,132.705031148,132.756612057
341,-1,135.068859711,135.424590119,135.424590119,135.355420317,135.869253129,135.869253129,135.977948532,135.701269325,136.06678232,136.580911573
342,0,130.483890005,130.172625898,129.40681738,129.38705458,129.515512783,129.347528979,129.495749982,129.456224381,129.219070776,129.446342981
343,1,130.390016703,130.483890005,130.172625898,129.40681738,129.38705458,129.515512783,129.347528979,129.495749982,129.456224381,129.219070776
344,0,130.2566178,129.82183619,129.989819994,130.350293474,130.602466808,132.529339852,131.299105524,129.915709492,130.434483004,131.185469421
345,-1,128.448321558,129.080731173,129.555038384,129.149900974,130.2566178,129.82183619,129.989819994,130.350293474,130.602466808,132.529339852
346,0,122.806042028,123.270467839,123.221060838,123.665723848,124.416710265,122.381141818,123.458214443,124.555049869,125.226985084,125.246747884
